1,2015,Skyndu,true
2,2014,Geba,false
3,2006,Abata,true
4,2011,Shuffledrive,false
5,2014,Chatterbridge,true
6,2010,Chatterpoint,true
7,2007,Wordtune,false
8,2016,Kamba,true
9,2007,Eayo,false
10,2015,Twinder,true
11,2011,Flashpoint,true
12,2017,Topicstorm,true
13,2018,Browsecat,true
14,2011,Leenti,false
15,2014,Plajo,true
16,2013,Thoughtsphere,true
17,2006,Rhybox,true
18,2013,Minyx,true
19,2017,Devcast,false
20,2009,Roombo,false
21,2015,Wikizz,false
22,2018,Brainsphere,true
23,2011,Twitterlist,false
24,2012,Skyble,true
25,2013,Kanoodle,false
26,2011,Shuffletag,false
27,2015,Teklist,false
28,2009,Zooveo,true
29,2009,Eamia,true
30,2016,Rhynoodle,true
31,2007,Yakidoo,false
32,2016,Tambee,true
33,2013,Dabvine,false
34,2013,Youbridge,false
35,2011,Rhybox,false
36,2012,Brainverse,false
37,2008,Fiveclub,false
38,2012,Eimbee,true
39,2010,Flipstorm,true
40,2006,Tagtune,true
41,2017,Oyoba,true
42,2018,Mybuzz,false
43,2013,Zoonoodle,false
44,2006,Jabbertype,false
45,2014,Livepath,false
46,2015,Rhynoodle,true
47,2016,Jamia,false
48,2014,Quamba,true
49,2012,Trilia,true
50,2018,Trilith,true
51,2014,Camimbo,true
52,2011,Mymm,false
53,2018,Skyba,true
54,2009,Blogpad,false
55,2016,Layo,true
56,2011,Youopia,true
57,2012,Jaxworks,true
58,2009,Linkbridge,true
59,2014,Brainsphere,false
60,2007,Meezzy,false
61,2007,Fadeo,false
62,2019,Quimba,true
63,2013,Zoovu,false
64,2015,Nlounge,false
65,2014,Zazio,true
66,2018,Tanoodle,false
67,2008,Oyoloo,false
68,2010,Skiptube,true
69,2012,Kanoodle,false
70,2007,Linktype,true
71,2019,Livetube,true
72,2011,Voolith,true
73,2014,Riffpedia,true
74,2012,Zoovu,true
75,2010,Viva,false
76,2013,Brightdog,false
77,2012,Twinte,false
78,2007,Dablist,true
79,2017,Eimbee,true
80,2011,Mynte,true
81,2009,Jetpulse,false
82,2007,Wordware,false
83,2013,Browsezoom,true
84,2016,Meemm,false
85,2017,Agivu,true
86,2006,Tekfly,true
87,2012,Fivebridge,true
88,2014,Centimia,true
89,2013,Feedmix,true
90,2013,Skyndu,true
91,2012,Aimbu,false
92,2008,Bubbletube,false
93,2014,Voomm,false
94,2016,Quinu,false
95,2010,Yakitri,false
96,2019,Mudo,false
97,2010,Zava,true
98,2014,Twitterwire,false
99,2010,Eabox,true
100,2015,Realfire,true
101,2007,Skinte,true
102,2016,Bluejam,false
103,2016,Yamia,true
104,2007,Topdrive,false
105,2007,Rooxo,true
106,2013,Plajo,true
107,2006,Oloo,true
108,2009,Yata,true
109,2017,Vidoo,false
110,2010,Mybuzz,false
111,2006,Gigabox,true
112,2012,Topdrive,false
113,2008,Twitterlist,false
114,2018,Yakitri,true
115,2011,Twimm,true
116,2006,Brainsphere,true
117,2018,Realbuzz,true
118,2007,Skalith,true
119,2014,Skipfire,true
120,2010,Dynabox,false
121,2009,Eimbee,false
122,2010,Bluejam,false
123,2019,Youspan,false
124,2016,Izio,true
125,2014,Kayveo,false
126,2017,Oloo,true
127,2012,Tagcat,false
128,2017,Kazu,true
129,2012,Bubblemix,true
130,2015,Skinder,false
131,2014,Twitterbridge,true
132,2012,Bluezoom,false
133,2009,Edgeblab,true
134,2013,Kanoodle,false
135,2017,Trilia,true
136,2017,Blogspan,false
137,2012,Zooxo,true
138,2011,Browsebug,false
139,2012,Meevee,false
140,2007,Thoughtblab,false
141,2018,Topicblab,false
142,2009,Brainlounge,false
143,2009,Rhyzio,true
144,2010,Yakijo,false
145,2010,Youspan,false
146,2017,Oyope,true
147,2007,Devify,false
148,2019,Quire,false
149,2015,Muxo,false
150,2010,DabZ,false
151,2009,Tagpad,false
152,2015,Bluezoom,true
153,2013,Chatterpoint,false
154,2016,Photofeed,false
155,2008,Rhyzio,false
156,2008,Brainverse,true
157,2007,Voonix,false
158,2013,Oba,false
159,2014,Yombu,false
160,2019,Reallinks,true
161,2011,Blogspan,true
162,2015,Meevee,true
163,2013,Tagtune,true
164,2007,Centidel,false
165,2017,Yombu,true
166,2009,Shuffledrive,false
167,2016,Brightdog,false
168,2016,Lazzy,false
169,2009,Livepath,false
170,2015,Photolist,false
171,2012,Photofeed,true
172,2015,Gigashots,true
173,2007,Gabtune,false
174,2017,Shufflebeat,true
175,2006,Twitterlist,true
176,2010,Yata,true
177,2008,Photolist,false
178,2009,Blogpad,true
179,2006,Jetwire,false
180,2011,Kwilith,false
181,2015,Skiba,false
182,2009,Muxo,false
183,2012,Fanoodle,true
184,2019,Plajo,true
185,2009,Topicblab,false
186,2010,Innojam,true
187,2011,Mynte,false
188,2010,Youopia,true
189,2019,Zoomlounge,true
190,2010,Edgepulse,true
191,2019,Brightbean,true
192,2010,LiveZ,true
193,2018,Riffpath,true
194,2019,Kwimbee,true
195,2016,Skippad,false
196,2011,Myworks,false
197,2006,Leexo,false
198,2011,Photobean,false
199,2011,Podcat,false
200,2015,Gabspot,true
201,2013,Twitterlist,false
202,2006,Zazio,false
203,2015,Realpoint,true
204,2014,Tagfeed,false
205,2008,Tekfly,false
206,2014,Oba,true
207,2013,Skipstorm,true
208,2006,Livetube,true
209,2015,Fivespan,true
210,2011,Dazzlesphere,false
211,2007,Vinte,false
212,2017,Yacero,true
213,2016,Jaxspan,true
214,2009,LiveZ,false
215,2014,Einti,false
216,2009,Youopia,false
217,2009,Browsedrive,false
218,2017,Blogtags,false
219,2019,Skipfire,false
220,2007,Oozz,true
221,2008,Brainbox,false
222,2008,Skinder,false
223,2009,Livepath,false
224,2013,Oba,true
225,2017,Ozu,true
226,2011,Kwimbee,false
227,2015,Roomm,true
228,2011,Babbleblab,true
229,2013,DabZ,false
230,2017,Avamm,false
231,2010,Zoonder,true
232,2019,Devpulse,true
233,2008,Devcast,true
234,2015,Thoughtworks,false
235,2013,InnoZ,true
236,2013,Thoughtbeat,false
237,2017,Fiveclub,false
238,2018,Topicstorm,false
239,2011,Voolia,true
240,2008,Rhynoodle,true
241,2007,Aimbu,false
242,2007,Mydo,false
243,2014,Thoughtstorm,false
244,2006,Buzzdog,false
245,2006,Babblestorm,true
246,2016,Dablist,false
247,2007,Gigaclub,false
248,2008,Jabbertype,false
249,2015,Skiba,false
250,2007,Topicware,false
251,2016,Topdrive,true
252,2015,Dynabox,true
253,2010,Viva,true
254,2010,Twimbo,false
255,2015,Wikido,false
256,2016,Riffpedia,true
257,2007,Eidel,false
258,2008,Rhynoodle,true
259,2008,Tanoodle,true
260,2010,Innojam,true
261,2014,Blogtags,false
262,2019,Quaxo,true
263,2013,Zoombeat,false
264,2013,Bluezoom,true
265,2009,Topiczoom,false
266,2016,Kazu,true
267,2011,Omba,false
268,2006,Einti,false
269,2011,Babbleset,true
270,2011,DabZ,true
271,2019,Kimia,true
272,2017,Feedbug,false
273,2016,Feedspan,false
274,2015,Kwimbee,true
275,2011,Mynte,false
276,2007,Tagfeed,true
277,2015,Gigashots,false
278,2016,Demizz,true
279,2011,Mymm,false
280,2010,Meemm,true
281,2007,Bluejam,true
282,2014,Vinder,false
283,2016,Skipstorm,false
284,2019,Trudoo,false
285,2017,Babbleblab,true
286,2013,Quinu,true
287,2007,Jabberbean,false
288,2006,Tazz,false
289,2007,Tanoodle,false
290,2014,Dabvine,false
291,2019,Latz,true
292,2011,Miboo,false
293,2007,Kaymbo,true
294,2010,Vidoo,true
295,2008,Voomm,true
296,2006,Youfeed,true
297,2009,Skidoo,false
298,2019,Jaxnation,false
299,2006,Dablist,false
300,2013,Mycat,false
301,2012,Dabshots,false
302,2015,Oba,false
303,2019,Shuffletag,true
304,2010,Kamba,false
305,2007,Skyba,true
306,2010,Einti,false
307,2007,Photobean,false
308,2010,Yozio,true
309,2013,Meejo,false
310,2019,Jaxspan,true
311,2016,Twinte,true
312,2013,Bluejam,true
313,2015,Agivu,true
314,2010,Nlounge,true
315,2008,Jaloo,false
316,2010,Livepath,true
317,2008,Blognation,true
318,2019,Meemm,false
319,2012,Zoozzy,false
320,2011,Skynoodle,true
321,2019,Zava,false
322,2008,Meembee,true
323,2017,Jabbertype,false
324,2009,Npath,false
325,2013,Yotz,true
326,2013,Topicblab,false
327,2011,Eabox,true
328,2008,Katz,true
329,2016,Mycat,false
330,2006,Oozz,true
331,2014,Miboo,false
332,2011,Devshare,true
333,2014,Yakitri,false
334,2019,Linklinks,false
335,2017,Thoughtblab,false
336,2014,Brightbean,false
337,2006,Browseblab,true
338,2012,Meejo,false
339,2017,Edgeify,true
340,2018,Chatterbridge,true
341,2008,Trilith,true
342,2008,Jaxspan,false
343,2010,Eabox,true
344,2018,Eare,true
345,2006,Muxo,true
346,2007,Mydo,false
347,2006,Cogilith,false
348,2010,Innojam,false
349,2009,Fliptune,true
350,2011,Camimbo,true
351,2011,Riffpath,true
352,2009,Wordify,true
353,2009,Zoombeat,true
354,2013,Digitube,true
355,2011,Quamba,true
356,2015,Realcube,false
357,2016,Skivee,false
358,2018,Kayveo,false
359,2019,Yotz,true
360,2007,Jamia,true
361,2007,Dynabox,false
362,2013,Zoombeat,false
363,2012,Twitterbridge,false
364,2017,Browsebug,true
365,2019,Mymm,true
366,2008,Flashdog,false
367,2006,Gigashots,false
368,2013,Linktype,true
369,2017,Wikivu,false
370,2019,Gevee,true
371,2017,Fiveclub,true
372,2006,Janyx,false
373,2016,Blogtag,false
374,2019,Tanoodle,false
375,2009,Jaloo,false
376,2013,Kamba,false
377,2007,Riffpedia,true
378,2008,Fivebridge,true
379,2017,Miboo,false
380,2008,Lazz,false
381,2009,Thoughtstorm,false
382,2007,Zoombeat,false
383,2011,Rooxo,true
384,2009,Agimba,false
385,2012,Gabvine,false
386,2014,Meejo,false
387,2011,Viva,false
388,2012,Twitterwire,false
389,2009,Fiveclub,false
390,2014,Edgeclub,false
391,2016,Jetpulse,false
392,2007,Mydo,false
393,2016,Skinte,false
394,2019,Oyondu,true
395,2016,Photofeed,false
396,2006,Zoonoodle,false
397,2016,Fivespan,false
398,2006,Thoughtmix,true
399,2016,Trunyx,false
400,2013,Dynazzy,true
401,2019,Kwideo,true
402,2016,Talane,false
403,2011,Quinu,true
404,2019,Gigaclub,false
405,2011,Oyonder,true
406,2017,Skivee,false
407,2011,Oyoba,false
408,2008,Twiyo,true
409,2008,Brightbean,true
410,2010,Snaptags,false
411,2017,Cogibox,false
412,2009,Tazz,false
413,2016,Photobug,true
414,2010,Vinte,true
415,2018,Edgeblab,false
416,2007,Centizu,false
417,2014,Leexo,false
418,2019,Feedbug,true
419,2011,Skynoodle,true
420,2006,Gabtype,true
421,2013,Pixoboo,false
422,2018,Dabfeed,true
423,2014,Realbuzz,false
424,2012,Roodel,true
425,2007,Feedfire,false
426,2017,Oyoyo,true
427,2014,Demivee,true
428,2013,Youbridge,true
429,2009,Tagpad,true
430,2009,Kwinu,false
431,2008,Kwideo,true
432,2008,Realcube,true
433,2012,BlogXS,true
434,2008,Livetube,false
435,2013,Twitterworks,true
436,2006,Twitterbeat,true
437,2014,Jaloo,true
438,2010,Thoughtbeat,false
439,2019,Wordify,false
440,2017,Kimia,true
441,2013,Muxo,true
442,2009,Shufflebeat,true
443,2008,Wikido,true
444,2019,Bluezoom,false
445,2009,Lazzy,true
446,2013,Skilith,false
447,2012,Riffwire,false
448,2016,Aimbu,true
449,2008,Skibox,false
450,2007,Voonyx,true
451,2006,Zoombeat,false
452,2012,Meemm,true
453,2011,Wordify,true
454,2015,Browseblab,false
455,2013,Gigazoom,true
456,2009,Voonyx,true
457,2008,Youspan,false
458,2019,Mydo,false
459,2012,Rhycero,false
460,2011,Trudoo,false
461,2007,Livepath,true
462,2007,Youfeed,true
463,2006,Izio,false
464,2018,Mycat,true
465,2011,Twitterworks,false
466,2016,Photojam,true
467,2019,Twimm,true
468,2006,Shuffledrive,true
469,2008,Voomm,false
470,2009,Jabbersphere,false
471,2006,Linkbridge,false
472,2010,Zooxo,false
473,2019,Reallinks,false
474,2014,Izio,false
475,2010,Voomm,false
476,2014,Quatz,false
477,2017,Edgepulse,true
478,2008,Gigashots,false
479,2017,Yabox,false
480,2016,Lazzy,true
481,2015,Trudoo,true
482,2015,Skyba,false
483,2017,Blogtags,true
484,2009,Twitterbeat,false
485,2015,Quimm,false
486,2019,Fivechat,false
487,2017,Kanoodle,false
488,2011,Divavu,false
489,2014,Fivebridge,true
490,2010,InnoZ,true
491,2011,Rhynyx,false
492,2006,Vinte,true
493,2016,Brainbox,true
494,2016,Zoombox,true
495,2011,Plambee,true
496,2018,Divavu,true
497,2017,Wikido,true
498,2017,Oyoloo,true
499,2006,Flipstorm,false
500,2009,Tagopia,true
501,2016,Skilith,false
502,2011,Vidoo,false
503,2009,Zoomcast,false
504,2011,Digitube,false
505,2013,Centidel,true
506,2012,Fanoodle,true
507,2008,Snaptags,true
508,2007,Tambee,false
509,2006,Agivu,true
510,2014,Jabbertype,true
511,2016,Voolith,false
512,2015,Oyonder,true
513,2013,Edgepulse,true
514,2012,Midel,true
515,2019,Dynava,true
516,2019,Roodel,false
517,2010,Roomm,true
518,2012,Centizu,false
519,2006,Gabtune,false
520,2010,Bubblemix,false
521,2015,Yakidoo,false
522,2014,Devpulse,true
523,2012,Talane,false
524,2014,Jatri,false
525,2019,Jamia,false
526,2018,Vimbo,true
527,2010,InnoZ,false
528,2017,Avamm,false
529,2016,Jabberstorm,true
530,2007,Plajo,false
531,2014,Quatz,false
532,2010,Zoomcast,false
533,2009,Twitterlist,false
534,2018,Leenti,false
535,2017,Avamm,true
536,2017,Blogtags,true
537,2014,Rhynyx,false
538,2012,Skipfire,false
539,2013,Skibox,true
540,2013,Tekfly,true
541,2009,Realbuzz,true
542,2017,Divavu,true
543,2016,Jabbersphere,true
544,2007,Twitterwire,true
545,2014,Mybuzz,false
546,2006,Yozio,true
547,2011,Yombu,true
548,2009,Dynava,true
549,2016,Realmix,true
550,2019,Agivu,true
551,2018,Devcast,false
552,2008,Topicshots,true
553,2012,Zoonder,true
554,2018,Jabbersphere,true
555,2009,Avamba,true
556,2006,Browsezoom,true
557,2013,Yozio,true
558,2017,Skiba,false
559,2011,Demivee,false
560,2013,Photojam,true
561,2008,Twinder,false
562,2010,Feedspan,false
563,2008,Skynoodle,false
564,2014,Zoomcast,true
565,2017,Zooveo,false
566,2006,Thoughtblab,true
567,2006,Zooxo,true
568,2006,Mydeo,false
569,2010,Feedfire,true
570,2018,Youspan,true
571,2015,Skipstorm,true
572,2007,Youtags,true
573,2012,Innojam,false
574,2010,Mudo,true
575,2017,Skajo,false
576,2013,Avamba,true
577,2014,Bubblemix,false
578,2018,Shuffledrive,true
579,2012,Brainbox,true
580,2009,Topicstorm,false
581,2019,Dabjam,true
582,2010,Youspan,false
583,2006,Divavu,false
584,2006,Voonte,false
585,2016,Zoozzy,true
586,2013,Wikibox,false
587,2014,Kwimbee,false
588,2019,Meeveo,false
589,2011,Yodoo,false
590,2016,Plajo,true
591,2014,Vidoo,false
592,2008,Dabfeed,true
593,2016,Jayo,false
594,2015,Quinu,true
595,2019,Skippad,true
596,2014,Browsebug,false
597,2016,Latz,false
598,2008,Zooveo,true
599,2006,Talane,true
600,2015,Fatz,true
601,2019,Eimbee,false
602,2010,Jetwire,true
603,2012,Buzzbean,true
604,2011,Bluejam,false
605,2010,Devpulse,false
606,2019,Skimia,false
607,2019,Topiczoom,true
608,2015,Browsetype,true
609,2012,Oyoyo,true
610,2010,Yoveo,false
611,2010,Skyvu,false
612,2012,Flashset,false
613,2013,Centimia,false
614,2010,Aimbu,false
615,2018,Trunyx,false
616,2014,Babbleblab,false
617,2013,Babbleblab,true
618,2014,Aimbo,true
619,2010,Meezzy,true
620,2008,Photolist,true
621,2011,Tagcat,true
622,2008,Lajo,false
623,2016,Katz,false
624,2017,Dabshots,false
625,2012,Jaxbean,true
626,2013,Oozz,false
627,2017,Tagtune,false
628,2014,Twitternation,true
629,2010,Tambee,false
630,2018,Gigaclub,true
631,2007,Devify,false
632,2016,Zooxo,false
633,2011,Oozz,false
634,2011,Flashpoint,true
635,2018,Topicblab,false
636,2010,Myworks,false
637,2016,Ooba,false
638,2014,Realcube,true
639,2011,Browsebug,false
640,2013,Riffpedia,true
641,2012,Devpulse,false
642,2012,Kazu,false
643,2007,Shufflebeat,true
644,2009,Voomm,true
645,2015,Jaxworks,false
646,2017,Trudeo,true
647,2019,Roomm,false
648,2009,Oyonder,false
649,2013,Nlounge,false
650,2017,Brainsphere,true
651,2015,Divavu,true
652,2008,Wordpedia,false
653,2010,Meeveo,true
654,2008,Camimbo,false
655,2009,Oyoyo,false
656,2018,Devshare,false
657,2009,Digitube,false
658,2007,Eadel,true
659,2014,Mynte,false
660,2007,Yakijo,true
661,2006,Feedbug,true
662,2010,Twitterwire,true
663,2019,Quire,false
664,2016,Topicblab,false
665,2017,Centidel,true
666,2006,Flipbug,false
667,2010,Ailane,false
668,2017,Rhynoodle,true
669,2013,Quinu,false
670,2017,Zoozzy,true
671,2006,Yombu,true
672,2009,Mydeo,false
673,2018,Mydo,false
674,2014,Katz,true
675,2008,Leexo,true
676,2006,Voonix,false
677,2012,Livepath,false
678,2007,Quatz,false
679,2013,Brainbox,true
680,2016,Quinu,true
681,2019,Livepath,true
682,2011,Thoughtbeat,true
683,2008,Quatz,true
684,2009,Topicblab,true
685,2018,Zoomdog,true
686,2013,Divape,false
687,2018,Tagfeed,false
688,2019,Thoughtworks,false
689,2010,Blogpad,false
690,2009,Thoughtsphere,false
691,2006,Skiba,true
692,2006,Katz,false
693,2014,Topiclounge,false
694,2010,Yodel,true
695,2017,Reallinks,true
696,2018,Photobug,true
697,2016,Bubbletube,false
698,2013,Feedspan,false
699,2011,Mudo,false
700,2007,Babbleblab,true
701,2013,Meetz,false
702,2009,Jabbersphere,false
703,2010,Babblestorm,false
704,2010,Cogibox,true
705,2010,Skippad,false
706,2017,Yakidoo,true
707,2014,Quatz,false
708,2007,Yombu,true
709,2012,Quinu,false
710,2006,Muxo,true
711,2009,Vinder,true
712,2012,Buzzshare,true
713,2014,Thoughtstorm,false
714,2013,Thoughtbridge,false
715,2016,Voomm,false
716,2009,Tavu,false
717,2015,Rhynoodle,true
718,2013,Linkbridge,false
719,2014,Topicblab,false
720,2006,Shufflebeat,false
721,2018,Browsebug,false
722,2016,Zoombeat,true
723,2006,Cogibox,true
724,2011,Quire,true
725,2017,Flipstorm,true
726,2018,Thoughtstorm,false
727,2016,Eire,false
728,2019,Zoonoodle,false
729,2016,Voonder,true
730,2011,Jaxworks,false
731,2010,Skinix,false
732,2017,Viva,false
733,2008,Youfeed,false
734,2015,Gevee,true
735,2018,Dabvine,true
736,2014,Shuffletag,true
737,2008,BlogXS,false
738,2018,Tagchat,false
739,2009,Vinte,true
740,2009,Oba,false
741,2009,Meembee,true
742,2014,Mymm,true
743,2014,Flashset,false
744,2012,Yodo,true
745,2015,Babbleset,false
746,2018,Kwideo,true
747,2009,Mycat,true
748,2012,Youbridge,false
749,2008,Skyba,true
750,2012,LiveZ,true
751,2006,Geba,false
752,2011,Plajo,true
753,2017,Jetwire,false
754,2011,Brainverse,true
755,2019,Vinder,true
756,2015,Fadeo,true
757,2019,Mynte,false
758,2016,Mynte,false
759,2015,Realcube,false
760,2017,Youspan,false
761,2008,Quinu,true
762,2016,Divanoodle,false
763,2018,Wikido,true
764,2007,Brightdog,false
765,2017,Oloo,true
766,2012,Rooxo,false
767,2016,Youfeed,true
768,2016,Youbridge,true
769,2011,Skibox,false
770,2018,Yambee,false
771,2016,Kwinu,false
772,2015,Innojam,true
773,2015,Zoovu,false
774,2014,Kwilith,false
775,2015,Zoozzy,false
776,2019,Vipe,true
777,2017,Podcat,false
778,2013,Avamm,true
779,2018,Skivee,false
780,2007,Brainlounge,true
781,2017,Skyndu,true
782,2016,Katz,true
783,2008,Blogtags,true
784,2008,Cogilith,false
785,2013,Muxo,false
786,2008,Buzzshare,false
787,2018,Fadeo,true
788,2011,Brainsphere,false
789,2016,Fliptune,true
790,2008,Voomm,false
791,2015,Skinte,false
792,2007,Mita,true
793,2007,Realbridge,true
794,2006,Eidel,true
795,2007,Buzzshare,true
796,2009,Topicshots,true
797,2016,Wikizz,true
798,2013,Blognation,false
799,2006,Skipfire,false
800,2014,Demivee,true
801,2018,Dazzlesphere,false
802,2015,Yacero,false
803,2011,Demizz,true
804,2007,Voonix,false
805,2015,Realpoint,false
806,2006,Skaboo,false
807,2019,Browseblab,false
808,2010,Rhyloo,true
809,2010,Wordtune,true
810,2018,Meezzy,false
811,2019,Janyx,true
812,2009,Zoombeat,false
813,2014,Oloo,false
814,2013,Skyndu,true
815,2007,Meetz,false
816,2014,Yotz,false
817,2007,Oyoba,true
818,2017,BlogXS,true
819,2017,Buzzster,false
820,2007,Viva,false
821,2007,Leenti,false
822,2018,Devcast,false
823,2012,Mydeo,true
824,2017,Oozz,true
825,2017,Tanoodle,false
826,2006,Zoonder,false
827,2009,Avamba,false
828,2012,Devbug,false
829,2018,Skimia,true
830,2010,Thoughtbeat,false
831,2010,Trilith,false
832,2017,Brightdog,false
833,2015,Tazzy,true
834,2009,Wikivu,true
835,2015,Leenti,false
836,2008,Latz,true
837,2013,Jabberbean,false
838,2018,Youspan,true
839,2014,Fatz,false
840,2019,Youopia,false
841,2007,Gabvine,true
842,2012,Tambee,true
843,2006,Shufflebeat,false
844,2018,Babbleblab,false
845,2011,Skajo,false
846,2009,Zooveo,true
847,2011,Innojam,false
848,2013,Buzzshare,true
849,2011,Fliptune,true
850,2012,Centidel,false
851,2019,Meemm,true
852,2013,Skinder,true
853,2008,Topicstorm,true
854,2012,Tambee,true
855,2018,Feedspan,false
856,2010,Trupe,true
857,2009,Photobug,true
858,2009,Browsebug,false
859,2014,Dynabox,true
860,2015,Cogilith,true
861,2009,Muxo,true
862,2011,Feedfish,true
863,2016,Zava,false
864,2016,Tambee,false
865,2016,Twinte,false
866,2007,Edgewire,true
867,2016,Devify,true
868,2012,Quinu,true
869,2007,Abata,true
870,2013,Shuffletag,true
871,2017,Jetwire,true
872,2006,Tagfeed,true
873,2011,Photofeed,false
874,2012,Centimia,true
875,2009,Shufflebeat,false
876,2017,Topicshots,true
877,2009,Rhyzio,false
878,2013,Yakijo,false
879,2015,Tazz,false
880,2008,Katz,false
881,2007,Muxo,false
882,2018,Rhynyx,false
883,2009,Demizz,true
884,2012,Oyoyo,true
885,2008,Feednation,true
886,2006,Yodo,false
887,2019,Oyondu,false
888,2007,Jaxnation,false
889,2006,Babblestorm,false
890,2010,Wikivu,true
891,2010,Kare,false
892,2019,Flipopia,true
893,2016,Wikido,true
894,2019,Kwilith,false
895,2009,Ainyx,true
896,2008,Youspan,false
897,2014,Meevee,false
898,2014,Babbleopia,true
899,2016,Avavee,true
900,2014,Brightbean,true
901,2008,Eare,true
902,2009,Babbleset,true
903,2011,Demizz,true
904,2015,Photofeed,true
905,2014,Wikibox,false
906,2008,Skimia,true
907,2008,Flashdog,true
908,2016,Jabberstorm,true
909,2012,Jayo,false
910,2007,Trudoo,true
911,2011,Tagopia,false
912,2019,Blogtags,true
913,2013,Brainsphere,true
914,2009,Thoughtblab,false
915,2013,Yambee,false
916,2010,Kamba,true
917,2012,Ailane,true
918,2007,Miboo,false
919,2007,Flashpoint,true
920,2013,Tagcat,false
921,2012,Yombu,false
922,2014,Fivebridge,false
923,2018,Eayo,true
924,2008,Jamia,true
925,2006,Talane,true
926,2011,Yotz,false
927,2015,Topicware,true
928,2012,Realblab,true
929,2009,Kwilith,true
930,2009,Dabvine,false
931,2015,Flashdog,false
932,2007,Edgewire,true
933,2008,Feedmix,false
934,2016,Yakijo,false
935,2016,Mita,false
936,2014,Quinu,false
937,2006,InnoZ,true
938,2017,Brainsphere,true
939,2006,Devcast,true
940,2014,Zooveo,false
941,2006,Zoozzy,true
942,2010,Mudo,false
943,2017,Skyba,true
944,2010,Dynazzy,false
945,2017,Thoughtbeat,true
946,2013,Katz,true
947,2009,Fliptune,true
948,2015,Rhybox,false
949,2017,Twimm,true
950,2009,Photobean,true
951,2012,Tagpad,true
952,2010,Photobug,false
953,2009,LiveZ,true
954,2013,Mycat,true
955,2016,Trilith,false
956,2014,Aibox,true
957,2016,Gigashots,false
958,2015,Tagopia,false
959,2006,Blogtag,false
960,2006,Edgewire,true
961,2019,BlogXS,false
962,2018,Gabtype,false
963,2016,Realbuzz,false
964,2007,Yamia,true
965,2006,Kare,true
966,2006,Skyble,false
967,2007,Voonte,false
968,2015,Fadeo,false
969,2018,Tagtune,true
970,2012,Yakijo,false
971,2014,Izio,true
972,2019,Demivee,true
973,2011,Flipstorm,true
974,2010,Topicstorm,true
975,2009,Meedoo,false
976,2016,Twimm,false
977,2007,Kazu,true
978,2013,Camido,false
979,2010,Plajo,true
980,2014,Devbug,false
981,2009,Skinder,false
982,2009,Jayo,false
983,2019,Avamba,true
984,2019,Edgeify,true
985,2016,Linklinks,false
986,2019,Dabfeed,false
987,2016,Ooba,false
988,2012,Flipbug,true
989,2006,Linklinks,true
990,2007,Vitz,true
991,2013,Wikizz,true
992,2010,Dabvine,true
993,2018,Divanoodle,true
994,2014,Shufflebeat,true
995,2013,Aivee,false
996,2010,Twitterlist,true
997,2014,Meezzy,true
998,2016,Kare,false
999,2006,Linklinks,false
1000,2009,Jabberstorm,true
